slug,name,operator,area,location_notes,day_of_week,starts,ends,lat,lng,ebt_tokens,getting_there,source_urls,confidence
waiau-peoples-open-market,Waiau People's Open Market,City and County of Honolulu Department of Parks and Recreation,Pearl City,Waiau District Park,2,06:30,07:30,21.402201,-157.952694,false,,https://www.honolulu.gov/dpr/peoples-open-markets/,high
waipahu-peoples-open-market,Waipahū People's Open Market,City and County of Honolulu Department of Parks and Recreation,Waipahū,Bill Balfour Jr. Waipahū District Park,2,08:15,09:15,21.387640,-157.999258,true,,https://www.honolulu.gov/dpr/peoples-open-markets/,high
wahiawa-peoples-open-market,Wahiawā People's Open Market,City and County of Honolulu Department of Parks and Recreation,Wahiawā,George F. Wright Wahiawā District Park,2,10:00,11:00,21.498905,-158.023407,true,,https://www.honolulu.gov/dpr/peoples-open-markets/,high
mililani-peoples-open-market,Mililani People's Open Market,City and County of Honolulu Department of Parks and Recreation,Mililani,Mililani District Park,2,11:45,12:30,21.440703,-158.018210,false,,https://www.honolulu.gov/dpr/peoples-open-markets/,high
kapiolani-peoples-open-market,Kapiʻolani Park People's Open Market,City and County of Honolulu Department of Parks and Recreation,Waikīkī,Kapiʻolani Park,3,10:00,11:00,21.268828,-157.816739,false,,https://www.honolulu.gov/dpr/peoples-open-markets/,high
kailua-peoples-open-market,Kailua People's Open Market,City and County of Honolulu Department of Parks and Recreation,Kailua,Kailua District Park,4,09:00,10:00,21.395730,-157.737737,false,,https://www.honolulu.gov/dpr/peoples-open-markets/,high
kaneohe-peoples-open-market,Kāneʻohe People's Open Market,City and County of Honolulu Department of Parks and Recreation,Kāneʻohe,Kāneʻohe District Park,4,10:45,11:45,21.409845,-157.810072,false,,https://www.honolulu.gov/dpr/peoples-open-markets/,high
halawa-peoples-open-market,Hālawa People's Open Market,City and County of Honolulu Department of Parks and Recreation,Hālawa,Hālawa District Park,5,07:00,08:00,21.373482,-157.914791,false,,https://www.honolulu.gov/dpr/peoples-open-markets/,high
ewa-beach-peoples-open-market,ʻEwa Beach People's Open Market,City and County of Honolulu Department of Parks and Recreation,ʻEwa Beach,ʻEwa Beach Community Park,5,09:00,10:00,21.313868,-158.008425,false,,https://www.honolulu.gov/dpr/peoples-open-markets/,high
kalakaua-peoples-open-market,Kalākaua People's Open Market,City and County of Honolulu Department of Parks and Recreation,Kalihi,Kalākaua District Park,6,06:30,09:30,21.327712,-157.878309,true,,https://www.honolulu.gov/dpr/peoples-open-markets/,high
kapolei-peoples-open-market,Kapolei People's Open Market,City and County of Honolulu Department of Parks and Recreation,Kapolei,Kapolei Community Park,0,07:00,08:30,21.333772,-158.067025,false,,https://www.honolulu.gov/dpr/peoples-open-markets/,high
royal-kunia-peoples-open-market,Royal Kunia People's Open Market,City and County of Honolulu Department of Parks and Recreation,Royal Kunia,Royal Kunia Park-n-Ride,0,09:30,11:00,21.389536,-158.031678,false,,https://www.honolulu.gov/dpr/peoples-open-markets/,high
waikele-peoples-open-market,Waikele People's Open Market,City and County of Honolulu Department of Parks and Recreation,Waikele,Waikele Community Park,0,11:30,12:30,21.401601,-158.003062,false,,https://www.honolulu.gov/dpr/peoples-open-markets/,high
kcc-farmers-market,KCC Farmers Market,Hawaii Farm Bureau,Diamond Head,Kapiʻolani Community College,6,07:30,11:00,TBC,TBC,TBC,Ample free parking in Parking Lot C,https://hfbf.org/farmers-markets/oahu/,high
mililani-farmers-market,Mililani Farmers Market,Hawaii Farm Bureau,Mililani,Mililani High School,0,08:00,11:00,TBC,TBC,TBC,Free ample parking,https://hfbf.org/farmers-markets/oahu/,high
honolulu-farmers-market,Honolulu Farmers Market,Hawaii Farm Bureau,Kakaʻako,Neal S. Blaisdell Center,3,16:00,19:00,TBC,TBC,TBC,Ample free parking,https://hfbf.org/farmers-markets/oahu/,high
kailua-town-farmers-market,Kailua Town Farmers Market,Hawaii Farm Bureau,Kailua,Kailua Town Center,4,16:00,19:00,TBC,TBC,TBC,Ample free parking,https://hfbf.org/farmers-markets/oahu/,high
